{"name":"build-javascript","namedChunkGroups":{"app":{"name":"app","assets":[{"name":"webpack-runtime-4e2f16e2ca525e867a25.js","size":4952},{"name":"framework-23c0d657ca325893c60f.js","size":141425},{"name":"app-3d449981f3554bea7a12.js","size":322769}],"filteredAssets":0,"assetsSize":469146,"filteredAuxiliaryAssets":3,"auxiliaryAssetsSize":1804198},"component---src-pages-404-tsx":{"name":"component---src-pages-404-tsx","assets":[{"name":"component---src-pages-404-tsx-2d06060d42aa857a6bf6.js","size":8529}],"filteredAssets":0,"assetsSize":8529,"filteredAuxiliaryAssets":1,"auxiliaryAssetsSize":15727},"component---src-pages-index-tsx":{"name":"component---src-pages-index-tsx","assets":[{"name":"styles.41e71d1ea02e65fbe391.css","size":5165},{"name":"component---src-pages-index-tsx-ede4ee2f87466fec96fe.js","size":192133}],"filteredAssets":0,"assetsSize":197298,"filteredAuxiliaryAssets":1,"auxiliaryAssetsSize":928094}},"assetsByChunkName":{"app":["webpack-runtime-4e2f16e2ca525e867a25.js","framework-23c0d657ca325893c60f.js","app-3d449981f3554bea7a12.js"],"component---src-pages-404-tsx":["component---src-pages-404-tsx-2d06060d42aa857a6bf6.js"],"component---src-pages-index-tsx":["styles.41e71d1ea02e65fbe391.css","component---src-pages-index-tsx-ede4ee2f87466fec96fe.js"]},"childAssetsByChunkName":{}}